member_id,first_name,last_name,email,password
1,Mike,Bartram,cpaulischz@yellowpages.com,b'$2b$12$vkr.83S2bKX3xTc2aijKPeJZbOTOIN9.FMdbR.lwLQHfQXFmahhca'
2,Tony,Waye,rcantillion10@npr.org,b'$2b$12$odz2wjGzudFIVk3n8P3SQ.FsDtRIpj/Uq8Ddpgeu2Rv32bUHA37oq'
3,Richard,Law,rsearight11@github.io,b'$2b$12$h/sz/LXGfEvxNwHq3kREnO9hPpw7yYJLI6Gt8LoqPJcPrNu0D7jya'
4,John,Vickers,ckinrade12@dmoz.org,b'$2b$12$hFO90Q91iVjKOfxA6Y7P6ua/tJONN1e8eKm5ozmBvpHNtzaPJTxFe'
5,Steve,Riley,eginnaly14@ebay.com,b'$2b$12$slmRCryJhOTroWtb3W481e3Urpht0OYmD4imJGAHF7FS7tlZAnfVK'
6,Michael,Perry,dcrigin1a@ihg.com,b'$2b$12$itEzg1cKlMke.ax.dipa7OC4x7qgl9P3SFJj273gmRQBoajiJ7gEu'
7,Keith,Chorley,ametherell1d@lulu.com,b'$2b$12$IsVoSrnqZNXSWETfNtpeYOitCcJNuciuaQSiT8XQTfZIJG0MqnNQ.'
8,Youself,Sohrabi,spfleger1e@wired.com,b'$2b$12$aeRT2PNx780St9yg7CmZO.1D0S2ayqEQx/sHjfElCvtHTCgA7Jh06'
9,Mark,Wheadon,rspedding1f@vistaprint.com,b'$2b$12$OH5ao9.C6ERml7xpygZrV.fltOz247pGstOHtQVJ0ZZxHPUJEPoq2'
10,Malcolm,Monks,lproger1g@unicef.org,b'$2b$12$Vd8MLmu1/5XshzBUyHkHkeaYqXXxcoRqoG/W/DVrvx4sxfZtRYB5.'
11,George,Koumi,driding1l@rakuten.co.jp,b'$2b$12$NNkx3x6zVwgREqFjxpBBc.SuKJ/WroRb9lkR4ERWgjknlO0/wy61W'
12,David,Wentworth,btarpey1o@bizjournals.com,b'$2b$12$nqraG/tudSQJewAGdi0rwuw3XKKQssZDlQOXHg/GUmrqfNVdYtAZO'
13,Kim,Hart,mgerbel1p@nps.gov,b'$2b$12$XuYBEopJysOc6I3nis5j2OLStrTnzp7uwlbb04QGdkPTKzrvwtyQ.'
14,Lorraine,Angel,ogleder1r@behance.net,b'$2b$12$Mevx0imQVzB0BP/D8DijNu4QRQo6BZL6yj6dYFKbXT5PZiMWHh1iK'
15,Joanne,Bechman,yhorsewood1s@opera.com,b'$2b$12$vgLg2n5vL.vD8df0UYAMn.uHG1kVwqk7hXHFQFZdZrgh8zED4Xw4W'
16,Jamie,Robinson,lcalton1w@narod.ru,b'$2b$12$oNMTa5BzYCaXdb9ZHIW6zuZ.RlrzwZASUCV2NzIfEWePOcyGJ1P2u'
17,Peter,Holmes,askitral22@bloglines.com,b'$2b$12$DRlbKvXHvID19vvk2RyTiOUoEh.UKP2OtqBGnpNUM3ofEpd1tnfdm'
18,Lynne,Corney,kpoynzer23@php.net,b'$2b$12$xAsQk06sZO9AaCya9WTN0.HhUmRAyaOnfK4rMVwgdKz6aHiVI5TmK'
19,Gary,Lambert,bhydes24@liveinternet.ru,b'$2b$12$DzOWzZn9cAYyoFt2YdF7euMYMNWG47JNokznseeWGlsClLTB4M4WO'
20,Chris,Smith,ccarles27@discuz.net,b'$2b$12$26679UlaGmEaWLuz.GZAkeT0B0wiSYxdA04tRTfrOlrBLP/w7u9xW'
21,Sharon,Clare,gbenterman28@merriam-webster.com,b'$2b$12$mF/6g0Quq0sjF66Opg.bpOM0C1UsHSytNQpWcnmq1g0OQI7y3t5gq'
22,John,Lawrence,apring2a@networksolutions.com,b'$2b$12$FRQm0YRE4/Yhop15K2IO/.31K7gHSJMZZVfqG0/LaFu6pL9zuDOUq'
23,Joanne,Bates,gdanes2e@bandcamp.com,b'$2b$12$w0UKZYhNhW4qsOirpG59uOWLmny0WXQ/wKZ6WdYgQ6Z54mTo/shM6'
24,Stephen,Walker,rbertome2h@wiley.com,b'$2b$12$K6it5JmVZh2ZNNJ.eg1Kue/JHqQ.GuBvVPhmgzSugFOZ.9pjexXUu'
25,Marc,Butler,amatyasik2i@dagondesign.com,b'$2b$12$ZivvrJYxlqHoDLY5g/PZLetvL81a45RGuujtRJ6ayyOqed.MyV7q.'
26,Stephanie,O'Reilly,pgarvie2j@loc.gov,b'$2b$12$YmRa91PsKy79SVYnhPlYDu2UaRwFatkvKhDiZ9Rrk1VL.ZJJDuOXG'
27,Julian,Wiltshire,ealuard2l@g.co,b'$2b$12$C.Oxt6ZABfz3RJMxNIgYK.2pYjVfquY52m1zocyVpr64lpRpLZHqy'
28,Wendy,Courtney,bharhoff2m@weebly.com,b'$2b$12$EuToFoS9pwuH18VjUYacgeLgf7Yjyy7PmDa5E2LyCDqqicxQuZ.6G'
29,Elaine,Ferry,hdale2o@wikimedia.org,b'$2b$12$tuSxDPzKtZgbptst3dTF6OKPV.AIApTczczQumpH.vEmI/a079REe'
30,Andrew,Meech,tbolletti2q@wufoo.com,b'$2b$12$Yi6KG2/cnFm6grqT59nvvuULzKUCHM4f9/DKC3FVDSIpWwx.jvNte'
31,Jackie,Appleton,hgoozee2r@google.nl,b'$2b$12$GLmwk8nm3n2bD37.FcAW5OTHTGkmL/L0wkzCtcvJyZaSlqXGDCkoG'
32,Murray,Rogers,aweems2s@opera.com,b'$2b$12$33NmJ3er0LoLr2Ct7hlWFu.dwPTptcu9RTlDu5gVNCrjzPhuLGmam'
33,Tony,Carter,ddearnaley2w@alibaba.com,b'$2b$12$AZrLO1jxE.El9YL4klels.638FbaGZfLEHJnEu9/nGd2TeDihbIga'
34,Geoff,Cooper,kdeeming2y@wsj.com,b'$2b$12$Ez24Ccx0Fo4d2JQSFQ3XA.sENwFOTxrKM1LvV.YDU4yPgGpCGj/le'
35,Krystian,Tatum,pgasking31@mozilla.com,b'$2b$12$U7ZQLPZtU3IFjqWyvkyfCeaYW5vlU.0B06n3zMA1D52cIvnoJIY2m'
36,Jade,Gul,cmuress32@google.fr,b'$2b$12$ExIe2ZorgVE1l2Mcsz2wBuirdYbQRBpO.GNTXwXk8WkVWaCmaG9ym'
37,Margaret,Hewlett,erusk34@pcworld.com,b'$2b$12$z237uJAALBRx8Z6xzwboouq9y.pY6KYsxCN6RwEh/zB8/d3F28v1y'
38,David,Perry,aflattman36@msu.edu,b'$2b$12$elsG/LUQ1N1Ltfc/94oOse/6drZcmy08GKpzZPlgxw5v7A2FxTvn.'
39,Colin,Sharrock,arankling37@nsw.gov.au,b'$2b$12$qvo3ON0DSaS53wtpk5RcmOqVEroyENi1QUgECbLijZv9MASapeZsm'
40,Diane,Coombes,afrugier39@squarespace.com,b'$2b$12$QDACOqcUs4e71gg/tsSFj.BvhKQh8lNBAItN2O6dPvhIBtsjWdqG2'
41,Stuart,Moulden,estrowlger3a@diigo.com,b'$2b$12$jWfF9KOWDTHZUeOhTRlQ.uUobsFqrMQsxjad.bnvbLfwgoya9xaU6'
42,Colin,Pegler,ecowpland3b@youtu.be,b'$2b$12$hxdIaWA4E5Gv1xn7tSScGO651U8jEKASn.Sqb8JcUjBIzYIuNEElK'
43,Rosalind,Spiers,mdesporte3f@naver.com,b'$2b$12$LRqy9fQdgVoBsJ9of/PeBOQfsojCSXC.f5LaAav3vHHDfAJpNwID2'
44,Bruce,Millard,mcresswell3g@pagesperso-orange.fr,b'$2b$12$6Y1j80A/oxx4BUN7X9qwhu940CkobhTjpXwjbbZ6r1NBH1WgTpWIG'
45,Stephen,Bennett,amurney3h@nymag.com,b'$2b$12$bBbxFkeH1qZEa91RZKlMfOUt4s1dCjFFiGTisN5jm9YQt2U5dSys.'
46,Peter,Causley,gcrumpton3i@nationalgeographic.com,b'$2b$12$GvI.9HgKLx2wXyR.zumGWugLi5x5hSjs6c5ScoZ1Q//p39ec6XwYm'
47,Howard,Handley,bdelahay3j@discuz.net,b'$2b$12$2esn1ldyA6XGfXeEHac1WOIOZgzh2iVLb//5aqdwvPaqoQ2aRxT6S'
48,Lauren,Curd,bpinsent3l@privacy.gov.au,b'$2b$12$h4zxaXibhR44Vhzsfk2qsunB9w2GoUtQ.ljO1mpU8ns7yGt8I6xcO'
49,Mike,Carter,afletcher3m@addthis.com,b'$2b$12$uDc7nApy6syBDlOUmOAF9uiuivKxF0GmEi5/3bp5.su85YrUdbhU6'
50,Suzanne,Rouxel,doduggan3n@nydailynews.com,b'$2b$12$uyCWPJ4m8zR7TL1b3Y3h/uq0zBKlT0jTCrQpcsPFG6t21ClMp0/ua'
51,Michael,Carter,aavey3q@t.co,b'$2b$12$rMwI2LcB/ku0sinH4L4AJeY5tW8jgSxDr/KwF28AMQYQ8d1rOQvSu'
52,Angela,Hewis,ktilston3r@tripadvisor.com,b'$2b$12$gskAJ7/0n4hQGV.ZPDdYj.VOmFMt44ogxGHU7IJ3vRTf8ajaLYltS'
53,Chris,Moran,gtuison3s@deviantart.com,b'$2b$12$hdXLav8svt/aijEqG7l7b.DPI9Hun4GSDXjMb0dsD0QEQ8AzEFbyK'
54,Iris,Jones,shedgecock3t@feedburner.com,b'$2b$12$CmnTC0qw.2cctcNNLDMs..8Q0ihS44PMMu9z8B2vfJWaPDe0jui3q'
55,Clive,Malam,hzanussii3w@yolasite.com,b'$2b$12$19on2IDSS4gFzfERGkHrIeJbGQuoWmc9mM0pG9yo4TqBKjlCEEMqK'
56,Paul,Keegan,mmariault3x@bigcartel.com,b'$2b$12$JJEhoALaYGMjHr6PySAWHeCftQcQiZOPqFoabbp.uTMPHzZ1N8E/W'
57,Frank,Birbeck,cbadcock40@imgur.com,b'$2b$12$JudxHTN3miiBJ.AWEZwbeOrPCqoxH1UL7X6KvDhXo.Npv4gem5zFu'
58,Beverley,Dales,jletten42@abc.net.au,b'$2b$12$gQhssvcBX4htb1AY8XkwZe1O1LqGNuWIfn9wtmrL6rnVi2H9EA0cO'
59,Janet,Moore,kwycherley47@qq.com,b'$2b$12$Gd/N3tysEo9NHI3IA1LtPeo6LvlTjcqBtUHih6MrXrTgai4IzKvuu'
60,Brian,Kellett,eyuill4a@hatena.ne.jp,b'$2b$12$/wiXi/Q9kwcGTxst9ON1oOg2aopo9wj4kIOTBesU7vyi.BH4q.cFy'
61,Julie,Mellor,gruzic4b@craigslist.org,b'$2b$12$toBNtcoOtUY0Nb0yp3v2YeaQgE4pQldxrpIzL1CTb0aBeeEvltxF6'
62,Lou,Marandola,jmarishenko4c@photobucket.com,b'$2b$12$kgXC6vQq8H5dfSKVwwpZQefM2dw7FkWgb5Tm7yIsrjWetw9utpjia'
63,Sheila,Salt,sogorman4d@dailymotion.com,b'$2b$12$xS0sy9HroOBgJmKp8Dx8ruUnroeos8N68q7J/wsR6x2S6WbyQfOti'
64,Diane,Coleman,jrubinlicht4e@latimes.com,b'$2b$12$h6MxPAKfCvtbJP6xt/4.ZOoEmOl4AgFL53eEh1Q73NiWIn11xIqSi'
65,Lynne,Pritchard,dhaye4h@whitehouse.gov,b'$2b$12$N11WE1zYdgOTnr/zvMqV2eqNYHGyyW6yKTmPcXfhAS7heWElVkAxa'
66,Adrian,Cumpstey,opeasegood4j@free.fr,b'$2b$12$6FCZ2Z2tGJLiSZwhxCeIw.sf6scqm1tWj8cZVDv0fhZQjJOQts4eq'
67,Lyn,James,mhow4k@google.co.jp,b'$2b$12$gtRpmintpDW3e1je3QSr2ucRY6QuG/QMh8BgGJ2uwfzcMAGHkWjGO'
68,Paul,Thompson,rbrisland4l@unicef.org,b'$2b$12$GIiKEVi559VeusouhZ9TWOkYgiXEU3cvLEzz/Rv7mhn0CphB0q8M6'
69,Chris,Leigh,kchettle4m@yandex.ru,b'$2b$12$6rNC4ocKNJBgn6wCL5sBzuEnCeW48gWa33EM2hhPbtZeDTgM8UehG'
70,Jane,Davies,sbattleson4p@wunderground.com,b'$2b$12$aKKHR1m9gXsmBUMOX0JTZuGLvj/S4YWz9r0Vs.YQUapek1amczxZy'
71,Jean,Ivell,mgress4q@edublogs.org,b'$2b$12$10YL8318pXCCanAuztY.mOtQEqfLiwiFmPWpl5OO6Gj.u0RUHlJi6'
72,Taylor,Edwards,mpashley4t@printfriendly.com,b'$2b$12$ycTNhqkJ.ptGRWczv1bW4O8JS8ZHlmLedfIvzitc.ueoRdz6Vv1tK'
73,Graham,Mottershead,sandreu4u@hud.gov,b'$2b$12$aoJNgASb7LOJ1IJPEUKCtuWsY5wieQkbZ220yn0pEU3TKkAGWleL2'
74,Roger,Walburn,gterris4v@java.com,b'$2b$12$HtzDdg9uEBxk83PyPoC2POy7V38BG1LxmDbbMEe.3QfOIcBYy4e7y'
75,Helen,Burgess,cleavey4w@1688.com,b'$2b$12$1zXXMajGXrGunshtga.4u.8.8yo7kzX.5tdcW0h7yeuJTtuwHEKbG'
76,Carmel,Alexander,faldersley4x@craigslist.org,b'$2b$12$btG2jUurMyN4kC43HhYQIe5T8H2dQUpBfJfO4r15qDWoOBAcAosKq'
77,Jane,Broadbent,lzotto53@stumbleupon.com,b'$2b$12$sUl4ufgj38qlDLzzb.h7u.Kbsb9dYMVQWOb.vQvuAC1BHiv.iG7RC'
78,Charlie,Diakou,etordoff54@spotify.com,b'$2b$12$eAQ5WMCqW1dBCCwC1RFKsuawiHS8eLZm/snFNFX7NW4JNDEYM25nK'
79,Jean,Brotherton,fdelle56@hhs.gov,b'$2b$12$vqSfyLMg58LD.lpPf27MNOS/AEN6GxipG6z83/VYZHiUstjs.2pN6'
80,Jag,Aulak,dabrahamsson59@cbslocal.com,b'$2b$12$0whOi2bUEtP12E8aVqgYeup7xKQ2XoQ4rWVUf4U38Y2BuXHLmt7IC'
81,Ian,Alexander,ehellyar5b@bandcamp.com,b'$2b$12$bXzVUoQ/YmWDv6UM2.r9Ke6ffKscZNjCBrtaAo.HOQLehFzbkU7Si'
82,Jean,Kyle,bgenney5c@berkeley.edu,b'$2b$12$LbcbP1PRsaZDboRwPcr9oucjqGSRMEqF.LxXGYhatE54Ux189FUeW'
83,Liam,Cortintias,dmiddleditch5g@about.com,b'$2b$12$ilUv/C2j7z5IAyOaYUi.dO4YkvbJOzHgAGcDL1B/Dr6l2.hmBA4sO'
84,Thomas,Baker,eghidini5h@example.com,b'$2b$12$2UQ5cgq.DwLN7EKUrQpVru4icJffxEEc6UrsaWss0e/4Ui0OIIh06'
85,Neil,McSporran,slambertson5j@xrea.com,b'$2b$12$F1qjUvXnC2IHKH.irxxhzuPvSLx6aRfMWJ7/kXyVh5OltWWS3GkzO'
86,Emily,Willia,hmarner5k@ovh.net,b'$2b$12$SXMLVTfVzc0ODBLmyBMQs.0q4QXtD6C//kP//PHXdloo2yER2z03a'
87,Kevin,Harrison,tgreendale5m@cloudflare.com,b'$2b$12$OLNu72CscwqaTQCJ.2EJPOK6XKNyN3io0TuYPij.7BRKq.wJtITTu'
88,Regina,Elesin,ncastagne5n@bravesites.com,b'$2b$12$M1w6SsqsC52.tfY5s3Cgh.nZPXasXbhMAb56A/nRottJLwCl.d7Ky'
89,Robert,Dowdall,mendean5p@hibu.com,b'$2b$12$KbicFzIX.gJ3.4Pb9DjhdOo7ebNUlbLiVWsZGdJe0K6B4kUmU7Z7i'
90,Melaine,Lockyer,fskippen5r@discuz.net,b'$2b$12$CV7B9G1wyMIrEynI.69Jj.7f8m3t3QAKuE9iZ.LjcbEqsSSVl9EUS'
91,Ian,Butters,wbuney5s@blog.com,b'$2b$12$TSoqX8aawpbwg6MOJ3/CMO5pi87VHWWIlFjOMyX6KZK1VlaD29I2C'
92,Vera,Magill,lludy5u@msu.edu,b'$2b$12$NqSNTdaA5jmej7NMa4MZd.B1Zx29zNw3NHJZH1SnABZUua7fdxrXq'
93,Mandy,Eulenkamp,ljarmain5v@imgur.com,b'$2b$12$7Ha/RUzXeZAWwblUMiBTiu1x1dbSbKuqeYtsb/G4e3xqk.m4rhkHu'
94,Mike,Lake,gblaszkiewicz5x@trellian.com,b'$2b$12$mQA0ogUTWO4jxDnAzjy/MOb7SK5/XJzXnSa.uj/TmEaZC2dUyvIqC'
95,Alice,Hook,pmercik5y@studiopress.com,b'$2b$12$bEyfq/1.az1Swb.r42bYpOlpDj1Ez8EAYy/JBdENdq26F48kDh/fu'
96,Paul,Brewer,rdysart60@amazon.de,b'$2b$12$2v90Hd6dTw7Oa9JH3tCriuLlq80S26j4Yf3q4N4IsvJMSqhb7fQau'
97,Abbie,Barnes,tmagnay62@mayoclinic.com,b'$2b$12$YSlQLb8Jcb0NoBrtkyhCeekvImiwXxuPOgpWyhZXl2pqN3sXWJLLC'
98,Sally,Chapman,jtobias63@dot.gov,b'$2b$12$42x.2E2N4WMbKJrAVlqvHeUitgFz/UUqWpZgPmAgglk0uX94gjEiy'
99,Keilly,Harvey,adoddemeede66@g.co,b'$2b$12$JlZ1Y0d1Im4w47ghHwPEQ.HH2115Yoof4rUiScoyxIyf7EYVlSHTW'
100,Lauren,Taplin,vcoolson68@springer.com,b'$2b$12$m9G4/F/VpEDXpJL37iYhDuR1.JdBQa/1JqRUPS3DzmXhzhSWuFWoC'
101,Ann,Anglesea,nhablot6a@ftc.gov,b'$2b$12$6j0AwEchikgP2TFDOrgd0eYcMxS5r.993UECBDF9YCpEhfsaRwjPi'
102,Glenda,Jones,cburcher6b@twitpic.com,b'$2b$12$eUsM3zSEVwXb6w/H9N.rQ.x/Eb0yw/Rgj17CtkkRxSnCDJdPi7iTG'
103,Harish,Satwani,afairweather6d@livejournal.com,b'$2b$12$mrgbN1P.JWHF6OPPQor/oe42v6gJNePWbrskTV0hj4Jwjpil4UxEq'
104,Stephen,Cresswell,lhissett6e@plala.or.jp,b'$2b$12$qhq71BBUrLBIER7PhQmfzO9ZQC8kXjeIJsGKWxSCd9dhRT3X2b6LW'
105,Alan,Holt,mheads6f@webnode.com,b'$2b$12$V5sXqFOaQAoDo.vEDQfkK.xq/vJeuWCjPh5AkpEkr80nO5D9.Is4i'
106,Bridget,Keevil,bharly6g@cloudflare.com,b'$2b$12$4VGe/Rmn104X3mCMBPXGj.y2x5H.aN2XkBzysWtlxjYf3MFq86nei'
107,Karen,Gooding,dlarosa6h@ezinearticles.com,b'$2b$12$C.Crk.K50VZwnpbkv3IbzekN/6hSGq.ej8aolVYXiQ9/0IehqNGii'
108,John,Mason,ejoynt6n@so-net.ne.jp,b'$2b$12$sy2/TLfBIKMjk2czFK6C4uHdbda70VxqR42CHHD7cUVYy4WAqVZam'
109,Robert,Dennell,tmuck6o@wiley.com,b'$2b$12$2TFK3NXLJnY1ZMhQtA.FmebqSD9iV9C3D7eb26kTbrxF32ADMJKKa'
110,Gary,Green,tgobert6q@hc360.com,b'$2b$12$pxNyQXyyEEo.S4JL3ivgROjPLBEOcXKWD5TFlUz8XK/Q3qyix6xr6'
111,Graham,Ecob,cgutowska6r@nydailynews.com,b'$2b$12$Ivfj8t/xEOFmuOtnJBWGWex1AMeX883hselss1kUfASErJE7sLDs6'
112,Chris,Bailey,gcambridge6t@narod.ru,b'$2b$12$Nqw4K3hNl82CgDQCHl7QrOkVub2NSEpqFRpD.1LC9cUOfP.mAohwm'
113,Vivien,Townsend,sbexon6u@icq.com,b'$2b$12$I.mtjr9LbrJIbHkhpQpP3eBJ8bP2yw3hX5.0RFIDjJ2VJtfA2ahXi'
114,Joyce,Kinniburgh,dprewett6v@bloomberg.com,b'$2b$12$zEmQ8CXP52l/4RTGMLsFHOovRDSoya7wckdnvwIzn/7wZBMimcY6q'
115,Steve,Pattenden,blycett6w@hubpages.com,b'$2b$12$3I6VGpLduYHl3xQTEoGeFuwDAkZriA7txED9zk3FA/xTMOAYZ.OTu'
116,Jill,Goodyer,tdrew6x@deviantart.com,b'$2b$12$wkQzIlc00Kpj6pFYK8CfHON4uQPxsS.F4D8Q1SJ.5MNh4r1onhfQ6'
117,Gamal,Yanny,nlefeaver6y@wufoo.com,b'$2b$12$1ZS00A5ltlhlo8nVmV6DxOF3kf96LqWC7RDaQwRZJHOzB/xdVS6pS'
118,Paul,Smith,imorrieson79@yale.edu,b'$2b$12$0tjn9QCq18y8xPNUrS8k6.EL2A4wL2zARci1F4lUrHurt4trgyyaS'
119,Joanne,Donaldson,amactrustam7a@free.fr,b'$2b$12$/Y9QXTys6pmp3u3Pki1LHeaxrGsjWDBbQovqcc2g7euwKyX2wRK7u'
120,Douglas,Moss,cstreatfeildbl@baidu.com,b'$2b$12$ed5cvXKgaMvLzZN4o1.z9uN5ruMtQMao3IotbfE4lQ5.cEzav8UV2'
121,Paul,Donnelly,dbruton7e@hubpages.com,b'$2b$12$OgpoTWBPBD/6xn/hwE..8.vQFrPwSY73Ss1TMTDc9sTVACeqiuF7K'
122,Helen,Young,knewcombe7f@loc.gov,b'$2b$12$eH0Je4iwebKANoI94iGLDuJ0rxWajPa0tQij6f0GfxbbDaORpCdNC'
123,Elizabeth,Beaty,ealbrook7g@twitpic.com,b'$2b$12$nzWtgJOcoMu2MkxSc9bsN.R673e04mqhgg2ryUGg/FAaXVhpNy.Le'
124,Andrew,Mackie,scammoile7h@cam.ac.uk,b'$2b$12$JXOgQDeGnHupB5PnePnGse2n/evxBFNDEQbilEuJ3xdLz5RG5lKP.'
125,Stephen,Sunderland,anorthway7i@nps.gov,b'$2b$12$w.l90YNwlt.4qcuC5M.5AuqZYnjl2ntE7ltXSpD75RA6y0csF6qES'
126,Lesley,Jubb,jlatan7k@va.gov,b'$2b$12$ZpUihwGm1ZoB6M.qrNwASu7gcY1NPvSuIDe.t1TnwrimUa5XWjzYu'
127,Alan,Artrong,fwarrilow7o@cbsnews.com,b'$2b$12$txqjHFiMufDx3N9uRQK8/OEQ/Qc7lhQd5.9R2fvpJNGdI2vNiFBke'
128,Lesley,Metcalfe,gprobbings7q@skype.com,b'$2b$12$e.shYibB4zl4rhSQtCB/fOgvvE4L19z02wOj4ozYXzqyTrXnFtsI6'
129,Simon,Wright,fhug7r@guardian.co.uk,b'$2b$12$EMfi62XLZbYH8F9IJpc1tOHixAAzoi6SJ601EQKkZ6ZDh4FHvx0PG'
130,Iris,Barry,roguz7s@google.nl,b'$2b$12$.h1c4VCCUygJF93E8sEXuutu2q2ycIz.ZmfQ7x8VFkYCHZ48jgZRi'
131,Ron,Hughes,alinacre7v@rakuten.co.jp,b'$2b$12$3fvhbDi7o1HCgWknjrZ8xes2awP/Yaj0F8Kwli0O.BVGcCHFqHMEi'
132,Peter,Baxter,kdillamore7x@twitter.com,b'$2b$12$mX1n3jGtx2CJHOzHBPMquOPY5BKWZ8tMP6z32A0xVcnTWvqzwlexS'
133,Abi,Hyslop,jpantin7z@homestead.com,b'$2b$12$mg8KSxx3n2uUtLEK0KPa9.C7Feuaf39Lq34ZYewaEBS08Xc0cWqny'
134,John,Gray,nnoury81@freewebs.com,b'$2b$12$XYEs/xWpyLUg1Fgor5nND.GWgk66TO9mGzWgaK0xr2zQXT.sQ2Wi2'
135,Zoe,Fowler,arapaport83@noaa.gov,b'$2b$12$nfsv2D9iOUdAfHeNmMzsyOfO36ONbjeEjpGmhofGKH4kzfXfQfEyy'
136,Ian,Barton,ewillers85@macromedia.com,b'$2b$12$/j6dEW23D6j8MMVnCKowVeWrtDLJmMcYnEy21RJDeh.29rx2KQUei'
137,Claire,Farley,snorthbridge86@ovh.net,b'$2b$12$2dZgSOnXMX.VwSvpR2NEQOylK/V40BzTfOA.0xUNAeSd/J8pmQP6G'
138,Linda,Millar,afew87@topsy.com,b'$2b$12$ydwFxPybP75Z3BoS2xa0XuCZu3O6kNmGuBjaJVcW9lW2jqnPzDEXe'
139,Kyle,Christie,dduly89@360.cn,b'$2b$12$P55BOwxGEcmu/sP8qrYScOjD2RhCS6pgrT869qOssglNESIcumjtm'
140,David,Graham,mgetsham8a@dailymotion.com,b'$2b$12$lw4LaB4rVXZ8KXVz7FDHwuh/345yxJl0zF0a4wjJDNAx0LjY8fNzO'
141,Richard,Cooper,bcornu8b@mediafire.com,b'$2b$12$kwIzkzQH.8tOMhSbg9BzM.36ZXjeLtK3DFSuyF9kSnsjfQ8pKSv8u'
142,Trevor,Ardies,rjouanot8c@sciencedaily.com,b'$2b$12$jwK8/zfY3nF4lpEEIsHSWecRq6JMRyO1vh7Ob5yFCkHGGMFLPZ/7e'
143,Shirley,Smyth,mbraithwaite8f@ebay.com,b'$2b$12$QnAkwykKILrRvuSQwT250eGvSMIkRXfsaHHXsKq0bO12Va67eTv86'
144,Tony,Pinion,fmacgaffey8i@alibaba.com,b'$2b$12$Ue1WbIK5R5YTbse7vhPOjOKlzzYOIv3eAQ684vqwi5M.RF4tHPHTq'
145,Kathryn,Coles,sscafe8j@vistaprint.com,b'$2b$12$EbQiGrAIjaIL8gDeyMzdfuRvdT1jDYoRLPQKpjVU5TVqISS9vur5y'
146,Isa,Johnston,dshorter8k@nhs.uk,b'$2b$12$5Wf9mj/3aOIm35b2h/B5Le75nm15SovtZg.SL.Wh7B4XjUvAqKvjS'
147,John,O'Dowd,mmatthieson8l@fda.gov,b'$2b$12$kyVXQeG5yaefznR1Iv2YG.y58tXFM5y9a3hrWBWDr6/s1kBj6CaKu'
148,Tom,Manning,nheffron8n@guardian.co.uk,b'$2b$12$thxW2fRFKlsohwVu.LCVD.yeuupET0gd/SfzhfzNInrTxEIhrjm5i'
149,Martin,Skelly,apainten8o@state.tx.us,b'$2b$12$dWTfOCHnkQdEVL./V21e..tqSDfW2.PxBtbwLL9rocVpfXzPaUhMK'
150,Gerry,Artrong,cbedminster8r@digg.com,b'$2b$12$DLRX8Dl2ySNxaSC68fIhm.nApwp4juQ6/coBTy0qumBrqB7h3n9Eq'
151,Andrew,Adair,mdantoni8v@ucsd.edu,b'$2b$12$FBGSYkCyFvQog/ht2YKGq.0cZwK.qYfcb.8Axc/uhC.uwXNPxZtki'
152,Mary,Tynah,rledbury8y@gravatar.com,b'$2b$12$mFH8.gLSYfgdaP0Vi3nU2.kSxR.qdSKk6f1W.zULxtXWtHy8aliGO'
153,Maureen,Browne,rkernermann8z@smh.com.au,b'$2b$12$5weGmHl5J0rb2shdPNqSsu2Nbg5SBs7Pw7d41JGfWS4rU5FIxkSLa'
154,Micheal,Doorely,dtripet90@gmpg.org,b'$2b$12$.8Drya2hxYmvJrWMg/l/yOJ77lkEfAANmlWBJaeNh7gauYeUyfGZS'
155,Rose,Hicks,rjaskiewicz92@nba.com,b'$2b$12$4IZ3KYLbAeVNu5s/ScgUsuwrQ2LQSBPstl5ysxPN0j0HTdv8BuGnG'
156,Brenda,Quinn,nchristophe94@is.gd,b'$2b$12$lSTCw2QIvmEl7h3xBldo8uVpp0t1KjClOaHiBoyY0f5TkwjVOTHDy'
157,Peter,McGinnity,gstanford97@netvibes.com,b'$2b$12$vEsDgDhe/7hWtk4i2jMrJe32Ik.vs35EVbZIYL1dOU9A.l/c.oQle'
158,Moya,McCrossan,wmcgrale98@twitpic.com,b'$2b$12$aWYm5Z02fTv3Ijuv9vR.4.tbrzTqE4giK0v/xRhRaMPec0q5Dso2O'
159,David,Slattery,mboniface9a@epa.gov,b'$2b$12$uhHXTiScQkaSse01B771cu7TKDL2FoFoy/n63.Q0FIr9uoK1pmVJ6'
160,Tom,Mannion,cswadlinge9b@pinterest.com,b'$2b$12$unhCz4JADApn4lkA61WLj.wae./umkjpHNVByUfxzd0NCXDJnxd4y'
161,Liam,Lonergan,gbushen9c@economist.com,b'$2b$12$a3OoBbJMmSVdo3MO/xhk1ul58zThoGbZyF7h8tdSKrUYNpbO0qkiq'
162,Dolores,Molloy,astreater9e@uiuc.edu,b'$2b$12$vePzehsHdu7a/CBWiPRuOeCWSBTmQg9ljzI7kSwhwA/viDoxgWTta'
163,Mike,Webber,vdalyell9h@bizjournals.com,b'$2b$12$XyhPbx3uBZsfRCNvtiE2uuWd3wp347yzxs1SN7IXvPyIwFbM7cZ5K'
164,Brendan,Galligar,jgodfray9m@t-online.de,b'$2b$12$uJGKDKjx6icxIqDUUVR.gOI0xoqMxh4Yi5bdhEvOpE7L5bw4NTw2y'
165,Maria,O'Connell,sforri9n@delicious.com,b'$2b$12$0kkMXKBdBuCJN511MrPztOemShwrtLPq2AGCwnVJYvlNwdmLVs1SC'
166,Alan,Lynch,ostaker9r@blinklist.com,b'$2b$12$088ZQM.RK8Vx2uX.ryOkmO2Ev2kdjNHtkipTKJwGJaRx4FzqktHny'
167,Evelyn,Byrne,acavanaugh9t@ucoz.ru,b'$2b$12$i80hlTNwiC958B0zSnCalOUnz0VjyORYr4R3pHC3SNmmRFCIUCcVS'
168,Kay,Dickinson,ucantua9u@chicagotribune.com,b'$2b$12$yUJLKNHeBvzHJWKAjmjD.eyNispJTmz302z3.5FlUW4vFBCRgAgvW'
169,John,Tipping,eelletson9x@npr.org,b'$2b$12$pgZEmAydZqw27jOn0u6D5..vWYvA43KEnAg3zBkwOTnTNl.iJdt8C'
170,Jim,Allen,rjillings9z@shop-pro.jp,b'$2b$12$jGNHvbNNPWoaFat/aCj/ieB5CUcybAgy6Q/rTZdw.b5v/aU1MO8w.'
171,Farley,Shelkin,ljessena0@cafepress.com,b'$2b$12$ImKvRikVbP6X6z6NCGzKQ.q1ADZLl1Jnw7W.nX2p7GQlKEsE5UzHW'
172,Paul,Waters,hlockierae@ucsd.edu,b'$2b$12$EDNq3DFffS9imrjQCBZ8ZueII3m04q3yTOjahF55q.zciyhKpGBRO'
173,Yuonne,Costello,hbezarraag@cnbc.com,b'$2b$12$dSDVk5GgQcqG16uxZgcvgObYQ3zBOt9GhN4KI4jxlawR4E/Dzoh5e'
174,Dave,Criddle,naikmanak@house.gov,b'$2b$12$Uey/meQx0UHNeqp9F7wKFearun87P/X6jbJQEnIadxDULaqO62YOG'
175,Kay,Willis,gacostaaq@ebay.co.uk,b'$2b$12$/wjQqERTx3BjmeGhATMDlO7SBLHTgqftAZcLGtwR38FSkEmYwbQLe'
176,Tanya,Goodall,bmarkeyas@mac.com,b'$2b$12$GEjlt/uPt23a.2x5O6zELuCCZCE55PXiLHe3CpYzPpuYsk3hNVttS'
177,Gilbert,Barrington,nyabsleyax@ucla.edu,b'$2b$12$VPkUexSykMzXdBxIkwsNIuIt9EidctVbbkmgFYG3obHKq9ubZXv8K'
178,Nigel,Mellor,caronsohnaz@jimdo.com,b'$2b$12$mHKuXZGRvtHFwtffWwK9leKquAxrdChibAwV2CV5PhF4G1amyJCI6'
179,Tim,Barton-Knott,enarramorb0@nytimes.com,b'$2b$12$68v1iJW/LmTCx3Mabz5XwuVe64Vw.GQlTrBUhSYyZDqwm3hDWku5O'
180,Cherie,Brown,roffieldb3@newsvine.com,b'$2b$12$HCG9izyFFFiXCS8RrBjYWux6ygAoU9k7fGES7sYAG4gGZIOItiqhW'
181,Thomas,Walsh,gleekeb4@linkedin.com,b'$2b$12$ce0vEFCIMz0bsZ8okepF/uuOK6rXNI3waAd1OBnWJdwMt4ERSKjPS'
182,Yvonne,Spencer,ecapponeerb6@cdbaby.com,b'$2b$12$Oi625HTUBwBrpyoou.FB.uWW762z74jMRLWEcj9rQM6WejR8PILd6'
183,Jamie,Rogers,lfenelonb8@eventbrite.com,b'$2b$12$E22RAvMPndudcD8bgOYvSO3WJaUHIjEL0jDjqyWobgGoLCIBJu.Tu'
184,Emma,Davison,rrosenfieldb9@blogtalkradio.com,b'$2b$12$wyUoPgQr.xBbsMcecQIBYu.hGZsOfCvhxem2AarH1x2rswE9rZSyC'
185,Jo,Peacock,uphizackerlyba@dropbox.com,b'$2b$12$Fy.rHcNBP5VqKM/j30QN8.J.gV3CpUYs.axXdvAM3GUX2GruM9fK.'
186,Louise,Lockwood,jseinbb@pagesperso-orange.fr,b'$2b$12$6.M5.2/kqNbq3G/HpOkYPOYvU2AWtY5rQitf8.RI5KjYwswEdWpXq'
187,Marie,Lynch,nskitteralbd@mlb.com,b'$2b$12$GjKrWGvTCibnWyeSr3C1SecZs1FZlXLwNcn1kEn34DJh3POYZ/ah6'
188,Moyra,Curran,rclarkewilliamsbe@g.co,b'$2b$12$bYsbbp6WLqa7m6KMUD4UQO091i2Ye2y.4pzJHaz7UF6LXg5OEWWGa'
189,David,Laikin,ncoveleybr@senate.gov,b'$2b$12$37m4CKfeOFSElZF9viXoCO7.CMh1V25LQ/ZcDkpQ1LOfoXfm5VeHe'
190,Rod,Gethins,mpotierbu@cocolog-nifty.com,b'$2b$12$hfdpKqP2VoNPJhCIZls1i.dvnmEtnlPDxZTLmeXf7oK3riz/J9Ad2'
191,Wadi,Watfa,cyoungmanbv@google.com.hk,b'$2b$12$4Ou.VDPxv8.IzCbWi8Mjeu60oxTffxDE.XctAgW2s7k886DuYnYqG'
192,Shay,Soni,scochernc2@oakley.com,b'$2b$12$g2bHlJs6oSGnAn830V2rCeWc2PpZXQzRqan3RuvI6Z4VGEMmhb/QK'
193,Catherine,Thoon,aportinaricv@rakuten.co.jp,b'$2b$12$07NeKMb9N/0TgmYIdMi5ie0jqbd1byJvcpkGVKOQfwI.h6H/7s21C'
194,Rajan,Sehgal,kbearblockj6@columbia.edu,b'$2b$12$S4dBHrCwOJSIAjLV35E1le43uucr9iix4l27Pu68zZTiwk2iUc/8G'
195,Margaret,Wilson,helsmorejg@prlog.org,b'$2b$12$O4hK9JAXq14fT1HZOGzSVudif4MOWWnsH.aG3f2Y7GOtiot2JNo4W'
196,Helen,Tustin,amaccrackenjl@wix.com,b'$2b$12$nFqI3rth74NpRQs6yLlnruq0Rm.KpPJ05/80Weh9Ev.E2.5FBsgQO'
197,Krystian,Tatum,eenrdigojp@stanford.edu,b'$2b$12$f3OpMa04fUsiwXY3vyYZu.aHYGXMWoSGYDSSxi7k5HpoMVL01zI7i'
198,Tracey,Hultberg,bterneyjq@accuweather.com,b'$2b$12$cNgIauPZs2FlUUl35EI9iubM0VElN8JeRzKT2KfUpmVxdDmEGB5Dq'
199,Anthony,Mahoney,ebrailsfordjr@hatena.ne.jp,b'$2b$12$1zxPe5dDFKUO/wqNtaG2puYH6kIIXI5Tq5U2bO2/VV0xJ3uk.7knG'
200,Trevor,Prior,wbernardik1@whitehouse.gov,b'$2b$12$Gf01h5Ht6FtY6zXAhCUQj.6lTZ0QRdNkoQbrVAF0FtowdTbiJHvDq'
201,Michelle,Groves,sderbyk2@epa.gov,b'$2b$12$73Tvtjbh.JwJvxFHqODiNev70aTarsHq0b9JVwtUHHGmxxahTt.UW'
202,Jill,Adderley,gbockenk3@domainmarket.com,b'$2b$12$vvgiBCxDX4B.hfAAVS7d9OTXhbrfTFEh9.SY35ccuXjoQHevPTg82'
203,Sheila,Willia,rgowark5@w3.org,b'$2b$12$9NbZDhbsO7Sh907MxRE/.e59Hq1JfZggF9458s3gw8CtG7JAKmlRa'
204,Hannah,Burford,slicciardellol4@abc.net.au,b'$2b$12$TKJg8nO5Bb/Wg.Shf2T/HOeOqxnx5YWbLLmRmFwIvMRyYGL5hACNi'
205,Hannah,Burford,ycawtheral6@istockphoto.com,b'$2b$12$83MPKz/cItsmmhzdQ0cScecmJPRsuuIdg1l6VWuRO5eQHz90LUsXa'
206,Harinder,Rai,chollyardl7@myspace.com,b'$2b$12$6qrOem63TKxZhKM8ZqRSJeKBGJef1u3Z1ncJKpx9TYrvUOrPX1Mbu'
207,Vanessa,Bird,jgricksll@techcrunch.com,b'$2b$12$SwzafZXUbI9LiE1Xu0Iuz.UWH31HMy4V6hDjHJMWnqwoKJucKP5Ie'
208,Steven,Plummer,nruofflp@dyndns.org,b'$2b$12$p.5FrP8CXUsAGbTGCTk6G.aPY/d2ClxaFcqS/tFllGSFKuJv9F.uO'
209,Denise,Hodgson,anarramoremz@google.com,b'$2b$12$f0yz.ugnEYQSZN4o1YExDutW4H6ibPN2BhlcAGgWtVhSuAL4nzYC2'
210,Stephanie,Burgess,nmeffenni@nsw.gov.au,b'$2b$12$aDWoAbHQi7bMwk2mSmyj6eb9Jfd2w6UkySB7fqotiBvqBQJf2Zbzu'
211,Simon,Myerson,kmcrobbienj@sohu.com,b'$2b$12$DlQ08Dfj0/G2uQ4L7GY.YOu.zF7vxRn18vQT6M8NGMdpHbzV5/KVW'
212,Zane,Ground,gmettetalnl@booking.com,b'$2b$12$M9TSgNpkM1yvPJvYEp/5nej/3gu0z9hcUD3d.HYhgKA7LBgUF5ciC'
213,Ahmed,Hassan,yvischinn@addthis.com,b'$2b$12$n3/IAmwVkcc15hks/I6YWu1gJLMjFEbhPZElrktKTn4N.5PH/gexi'
214,David,McDonald,mmulveynp@ucoz.ru,b'$2b$12$jLtA00EgCcOi1lwuV3iwE.urGSx4eE9c6V/jMDuQAeHYLsHxL/Xbq'
215,Gavin,Lapidus,astillertnt@seesaa.net,b'$2b$12$5T.Bt3IZjoBIQDSDasoLw.lMaV2VdAf7ZhL23KWgPQyQ0b3fRYe6K'
216,Denice,Sapsford,cbalkeo6@reddit.com,b'$2b$12$m2Lgajph9A1k3z.hyDGjQuHBf34cbMDfAIXB5YL5m5w6pz47Cf3Q2'
217,Diane,Buck,mhandkeo7@icio.us,b'$2b$12$SJsCxiAQn.csm2ditRmK9OhuhcontpUMz1WX589q0JVWs5ohWTTiC'
218,Kerry,Gordon,jjoncico8@geocities.com,b'$2b$12$BFF7caLe4tHehRRqKvtemulTKgFBI9eRJhz/.E1LndfoyYZBv2j3e'
219,Sandra,Colbourne,rdunnetoa@answers.com,b'$2b$12$hU2zvVR8x.gVYwpWv0Pgr.xyvxuIDl3uq3.rCgy7BGa1emGsJCPB2'
220,Lorraine,McConville,cfleyoc@amazon.de,b'$2b$12$ao7mIQc4WmKQ3F7V3/aKr.60lJRuGzfN1eBj9g4gBvBbACqO2tYIu'
221,Helen,North,dwarlowoe@craigslist.org,b'$2b$12$WbLZ7O0JwbFBp5Cm9fNonulveIo.vSOnwj/C6V8Xvvc5E5rBe27We'
222,Keith,Herman,gtamsok@craigslist.org,b'$2b$12$nvWAWI8KT3.mm28wiRDSPu1u7IYuiheox1stCCI9JPemvGtExEAu6'
223,Faisal,Butt,gvinnicombeom@printfriendly.com,b'$2b$12$r/VRr54q5zLpBgw129A1merpsw0jiEVtjiQFDWKgyr3IkfZGLii72'
224,Harv,Sethi,ehelversenot@earthlink.net,b'$2b$12$I1S/YDajFSwdK3dlrpRNAOKh5L.qhfXGvXHYQd.o0kxcTYDIW4asu'
225,Francesca,Welham,aorbineou@yandex.ru,b'$2b$12$ZWbVGxXrOBCHSlBOboHYheZnwktIphv7ZD33BJzGePm6xwsfSJUsW'
226,Robert,Kenton,sblazejewskip0@smugmug.com,b'$2b$12$yT9lA/6.IHryY/sooyArK.ReVp1cfu5riPG1eKm4miCyPsGT0NXHe'
227,Desmond,Taylor,qtripetp1@github.io,b'$2b$12$Je1JbLLEsIWFXfpa1.Qfy.9tsEselwaXAl96N34FMcGqjXpwjn2ny'
228,David,Powell,mlavissp2@tripadvisor.com,b'$2b$12$gG.fO0jGH91z09dj3RaNsuW7zvroyYjQVwf5jGRQy7TAPIIOIL5QS'
229,Paul,Howarth,lduffetp4@boston.com,b'$2b$12$F4XwvEreBhfXSqF.Tv5OQuz3SSu8sBR4i5koeF2Ojn8G6MevKHpeO'
230,Prady,Baruah,sdyballp6@delicious.com,b'$2b$12$wfaEsFTegYSQQraprs1snug7kXZq4dXjRW2GBAn5z6EK0KukMsuRq'
231,Natalie,Legge,rmorgansp9@360.cn,b'$2b$12$9WFJFE8rCKGsM3uH2FzV7.VWePEsjBgQHimvTXraqmaxUCq6ZXEC6'
232,Mark,Holmes,cwayepc@bbc.co.uk,b'$2b$12$5BDzRRAcPWukpyhyc1x5neRmzS.JIXwvrx8y6b8Sbol1FUYCAu.K6'
233,Shakeel,Ahmed,glieberpd@ovh.net,b'$2b$12$IvQoRRIoxtkJLreWvRy9leAJ2qFyx/.WKezW8.CS2CJ9YFBF2sh3y'
234,Carole,Bennett,mfrohockpm@dedecms.com,b'$2b$12$T32Wq5xdO.Wcmmhkfenz9uL7ETgMuRTJ3xOdKZZ.ec.L1DwlKWd7a'
235,Buddhi,Weerasinghe,ocumberbn@domainmarket.com,b'$2b$12$Tqr4v686XmS.vS0zKh8wxOWjANe4uulhHqtRaOjQlAdY8sLZu8TTq'
236,Debra,Webster,ccundypn@dagondesign.com,b'$2b$12$88Nxx2vU7rl5FE1nH58OBuasB.zKeaQI/Kfatv1sWN6AaTuPe5WhO'
237,Bimal,Kohli,cpullarpo@answers.com,b'$2b$12$Dk6KEfslRwV.v7kSOScu0.lQEZNtvEKD9xJPeFll0.w0.6y7YRfmu'
238,Christian,Green,mrackampp@who.int,b'$2b$12$N/p9OR8dDR.syAgVQUsTMe8jD1BGVw/VxIArNLb07KlRoveb.IZ2i'
239,Patrick,Kuziw,bmanuspq@dot.gov,b'$2b$12$600ged/H3TxC0KVt90R6f.6zbtf3nq/pFydM3OVsKR4HZAhqPX.XS'
240,Emma,Reynolds,ddesousabo@qq.com,b'$2b$12$sCy6rhQTlqQV8MweYKGLw.PsAzxMvO5.tzx53CSYsKfWsrGj/EKbi'
241,Runci,Weeden,rioannidisbp@kickstarter.com,b'$2b$12$q3qcwlVgtoFBiO7kiVICAeXluJx.XGbvaVHjX7iP2FpbtGDdXEkES'
242,David,Batley,dnewbeginpt@vkontakte.ru,b'$2b$12$UYTCZRavnryqjJIobOOMVO4kDXRfWcnjuph/DfiiTtEwFWf4UrBQG'
243,Wayne,Dennett,khannaq2@cam.ac.uk,b'$2b$12$oVLFsWyfN9n9LGb2pgRrB.LisNG.Qvv4nzjJx/TMwFoyKoITnUWo.'
244,James,Wilbraham,srangeleyqf@spotify.com,b'$2b$12$BvqYMQZFh15J/szoDj713.peoQVg4hbBu/rFvGLWnB6ffUGCDXNra'
245,Alistair,McLean,lwallsqg@netvibes.com,b'$2b$12$VdZvBFysQIWb1z1r9frb1uzHSaVhQgWb3551djsK5d/2PFv4iuS56'
246,Fred,Eulenkamp,rhendenqh@apache.org,b'$2b$12$4vC5QoA.S/uH/yeUtPFjVuoTSmxaE1L8vnMPKOTyBXi.fkQamzlNe'
247,Katy,Savvides,cjennisonqk@fastcompany.com,b'$2b$12$7znSoKDZ.RhBFTqtZ2WryuBJKAN8cOkpD49pFOKUeACUOc.vpvRwe'
248,Monika,Sethi,dbrundillql@mysql.com,b'$2b$12$/rv4hCla/rOKcA1UAQc0tOE6VrCygCnANLtTifT4cFYV0nmEwaQ7q'
